{"_runtime":0.242381909,"_step":7,"_wandb":{"runtime":0},"acc":0.7689730879985153,"loss":0.278274112288714,"_timestamp":1.7381239797371674e+09}